{
  "experiment_id": "exp_001",
  "metrics": {
    "avg_session_duration": {
      "metric_name": "avg_session_duration",
      "is_primary": true,
      "is_significant": "False",
      "meets_threshold": "True",
      "is_degraded": false,
      "control_mean": 111.32984950046934,
      "variant_mean": 104.06314930433187,
      "control_se": 7.445911068119704,
      "variant_se": 5.779870857501098,
      "control_ci_lower": 96.68592401673176,
      "control_ci_upper": 125.97377498420691,
      "variant_ci_lower": 92.6948135828373,
      "variant_ci_upper": 115.43148502582645,
      "t_statistic": -0.7683444896045742,
      "p_value": 0.44254279116268,
      "cohens_d": -0.05812773361774081,
      "relative_lift": -0.06527180472032193,
      "sample_size_control": 354,
      "sample_size_variant": 345
    },
    "skip_rate": {
      "metric_name": "avg_skip_rate",
      "is_primary": false,
      "is_significant": "False",
      "meets_threshold": "True",
      "is_degraded": "False",
      "control_mean": 0.004775367585568596,
      "variant_mean": 0.007583973560897237,
      "control_se": 0.0008495628347759168,
      "variant_se": 0.001997486789267506,
      "control_ci_lower": 0.0031045264040940697,
      "control_ci_upper": 0.006446208767043123,
      "variant_ci_lower": 0.003655148682366813,
      "variant_ci_upper": 0.01151279843942766,
      "t_statistic": 1.3054135631636279,
      "p_value": 0.19218280120206757,
      "cohens_d": 0.09875873763292424,
      "relative_lift": 0.588144456945344,
      "sample_size_control": 354,
      "sample_size_variant": 345
    },
    "sessions_per_user": {
      "metric_name": "sessions_per_user",
      "is_primary": false,
      "is_significant": "False",
      "meets_threshold": "True",
      "is_degraded": "False",
      "control_mean": 70.88700564971751,
      "variant_mean": 74.72753623188406,
      "control_se": 3.1554293985372914,
      "variant_se": 3.0802249178217016,
      "control_ci_lower": 64.68120053619448,
      "control_ci_upper": 77.09281076324054,
      "variant_ci_lower": 68.66909101280704,
      "variant_ci_upper": 80.78598145096107,
      "t_statistic": 0.8705335711485281,
      "p_value": 0.3843085962226105,
      "cohens_d": 0.065858666540401,
      "relative_lift": 0.05417820300019762,
      "sample_size_control": 354,
      "sample_size_variant": 345
    },
    "retention_d1": {
      "metric_name": "retention_d1",
      "is_primary": false,
      "is_significant": "False",
      "meets_threshold": "True",
      "is_degraded": "False",
      "control_mean": 0.652542372881356,
      "variant_mean": 0.6753623188405797,
      "control_se": 0.025343578144946772,
      "variant_se": 0.0252457719883423,
      "control_ci_lower": 0.6026989801184606,
      "control_ci_upper": 0.7023857656442514,
      "variant_ci_lower": 0.6257068129326393,
      "variant_ci_upper": 0.7250178247485202,
      "t_statistic": 0.6377874204521282,
      "p_value": 0.5238215322098569,
      "cohens_d": 0.048250671127825655,
      "relative_lift": 0.03497082627517408,
      "sample_size_control": 354,
      "sample_size_variant": 345
    }
  },
  "decision": {
    "decision": "DON'T SHIP \ud83d\udd0d",
    "confidence": "MEDIUM",
    "reasoning": [
      "Primary metric lift (-6.53%) is not statistically significant",
      "p-value = 0.443 (threshold: 0.05)",
      "Insufficient evidence to conclude variant is better"
    ],
    "primary_metric_lift": -0.06527180472032193,
    "primary_metric_pvalue": 0.44254279116268,
    "degraded_guardrails": []
  }
}